{
    "frames": {
        "blood_strip_yellow": {
            "frame": {
                "y": 42, 
                "x": 0, 
                "w": 123, 
                "h": 14
            }, 
            "sourceSize": {
                "h": 14, 
                "w": 123
            }, 
            "offset": {
                "y": 0, 
                "x": 0, 
                "w": 123, 
                "h": 14
            }
        }, 
        "blood_strip_bg": {
            "frame": {
                "y": 0, 
                "x": 0, 
                "w": 123, 
                "h": 14
            }, 
            "sourceSize": {
                "h": 14, 
                "w": 123
            }, 
            "offset": {
                "y": 0, 
                "x": 0, 
                "w": 123, 
                "h": 14
            }
        }, 
        "blood_strip_red": {
            "frame": {
                "y": 28, 
                "x": 0, 
                "w": 123, 
                "h": 14
            }, 
            "sourceSize": {
                "h": 14, 
                "w": 123
            }, 
            "offset": {
                "y": 0, 
                "x": 0, 
                "w": 123, 
                "h": 14
            }
        }, 
        "blood_strip_green": {
            "frame": {
                "y": 14, 
                "x": 0, 
                "w": 123, 
                "h": 14
            }, 
            "sourceSize": {
                "h": 14, 
                "w": 123
            }, 
            "offset": {
                "y": 0, 
                "x": 0, 
                "w": 123, 
                "h": 14
            }
        }
    }, 
    "meta": {
        "scale": "1", 
        "format": "RGBA8888", 
        "app": "http://www.codeandweb.com/texturepacker", 
        "version": "1.0", 
        "type": "frame", 
        "image": "blood_strip.png", 
        "size": {
            "h": 64, 
            "w": 128
        }
    }
}